Intermarc	Nom référentiel
$A	Forme PA et variante
$F	Niveau de fiabilité
$I	Forme non éditable
$J	Ancien point d'accès
$X	Titre non significatif 
010$a	Type d'entité
010$b	Entité fictive
010$c	Niveau de catalogage
010$e|042$a|287$e|288$ce|332$e|$E	Écriture
010$f	Fonction de la notice
010$g	Type d'agrégat
010$h	Statut de la ressource
010$i	Mode d'intégration
010$j	Étape de catalogage
010$l|041$a|041$b|041$c|041$t|041$v|287$l|288$cl|332$l|817$l|$L	Code Langue - ISO 639-2
010$n|$N	Norme de catalogage
010$o	Taggage de cas particulier de l'arbre OEMI
010$p	Pré-notice
010$q	Type de ressource continue
010$r	Critère de regroupement
010$s	Statut d'identification
010$t	Type de ressource
010$v	Valeur du nom
012$d	Disponibilité
012$m|012$n	Item - Mode d'entrée
012$o	Code original
012$s	Grande catégorie de support
013$a	Niveau d'autonomie
013$b	Type de description
013$c	Modalité de parution
013$d|901$d	Type de document ADCAT-02
013$i	Présence d'illustrations, d'index, de tables, de texte
013$m	Mode de production du document
013$n	Nature du manuscrit
013$o|015$o	Type de publication officielle
013$p	Présentation musicale
013$r	Reproduction
013$s	Contenu secondaire
013$t	Caractéristique typographique
014$e	Qualification de l'expression représentative
014$g	Expression globale
014$i	Qualification de l'expression générique
014$m	Modalité d'adaptation de l'expression
014$o	Statut de l'objet numismatique
014$r	Qualification de l'expression de regroupement
014$t	Type de mention
015$a	Œuvre académique
015$c	Catégorie d'œuvre
015$e	Édition principale d'un périodique
015$g	Œuvre globale
015$n	Projet non réalisé
015$p	Type de plan d'extension
015$r	Type de recueil
016$a	Grande catégorie de la forme de l'Œuvre audiovisuelle
016$b	Grande catégorie de la forme de l'œuvre plastique
016$c	Grande catégorie de la forme de l'œuvre cartographique
016$i	Forme de l'œuvre iconographique (grande catégorie)
016$l	Grande catégorie de la forme de l'œuvre logicielle et multimédia
016$m	Grande catégorie de la forme de l'œuvre monétiforme
016$p	Grande catégorie de la forme de l'œuvre performative
016$r	Grande catégorie de la forme de l'œuvre de contenu parlé
01C$b	Caractère officiel de la Collectivité
01C$c	Groupe occasionnel
01C$d	Domaine administratif de la collectivité officielle
01C$p	Catégorie d'organisation publique ou intergouvernementale
01C$r	Échelon territorial d'action
01C$t	Type de collectivité
01F$t	Type de famille
01L$a	Grande catégorie du lieu
01L$b	Catégorie du lieu
01L$c	Typologie du lieu
01L$d	Lieu disparu
01P$c	Catégorie de l'Identité publique
01P$g	Genre de la personne
01P$m	Personne morte pour la France
01Q$c	Catégorie des produits de la marque
01S$c	Création
01S$f	Festival
01S$r	Reprise
01S$t	Tournée
01T$a	Catégorie du Laps de temps
01T$b	Avant Jésus-Christ
022$c	Code du centre ISSN
022$p	Périmètre d'intérêt de la ressource continue
023$q	Type de numéro
02Z$q	Type d'identifiant
034$q	Type de numéro d'entrée
037$q	Type d'identifiant - Item
040$c|914$c	Circonstances de la captation
040$g	Date privilégiée
040$p|304$p|914$p	Code Pays
040$q|914$q	Nature de la date et/ou du lieu
040$r|914$r	Code Pays non actuel
040$x|041$x|042$x|043$x|048$x|051$x|052$x|054$x|055$x|350$x|62A$x|62B$x|62C$x|62D$x|62I$x|62G$x|62L$x|62M$x|62N$x|62R$x|62S$x|62T$x|62X$x|914$x	Couverture de l'agrégat
041$aa|041$bb|041$cc|041$tt|041$vv|287$ll|288$ll|332$ll|$LL	Code Langue - ISO 639-3
041$f	Aspect de traduction
041$q	Périmètre d'application de la langue
042$m	Forme de la notation musicale
042$n	Forme de la notation du mouvement
042$o	Forme de la notation tactile
042$t|$T	Système de translittération ou transcription
043$c	Classification CNC
043$d	Classification PEGI
043$e	Précision PEGI
043$h	Public en situation de handicap
043$n	Niveau d'enseignement
043$p	Public
044$d|682$a	Grande classe Dewey
044$p	Profession
045$a|355$a	Périodicité
046$m	Métal nominal
047$a|342$g	Tonalité
047$m|342$h	Modalité
048$a|048$h|048$p	Distribution musicale – Instrument/voix
048$b|048$i|048$r	Distribution musicale – Tessiture, instrument préparé
048$c|048$j|048$s	Distribution musicale – Nombre de mains, d'exécutants, tonalité des instruments transpositeurs
048$d|048$l|048$t	Distribution musicale – Amplifié, ethnique, etc.
048$e|048$m|048$u	Distribution musicale – Ad libitum
048$v	Type de distribution musicale
051$a|051$m|051$s	Type de contenu
051$b	Type de médiation
051$o	Objet monétiforme
052$a	Type de support
052$b	Format audiovisuel (chargement)
052$f	Famille de support
052$s	Type de sillon
053$k	Technique précise (ressources iconographiques)
053$m	Matériau de la matrice
053$p	Polarité de la photographie
054$a	Caractéristique de couleur
055$e	Mode d'enregistrement
055$p|282$s|288$s	Technique de spatialisation du son
055$s	Caractéristique sonore
057$m	Circuit de la ressource
057$o	Circuit d'origine
072$d|072$e	Degrés Longitude
072$dm|072$ds|072$em|072$es|072$fm|072$fs|072$gm|072$gs	MinutesSecondes
072$dp|072$ep	Position Est/Ouest
072$f|072$g	Degrés Latitude
072$fp|072$gp	Position Nord /Sud
072$h|072$u	Tranche d'échelle 
072$o	Ellipsoïde
072$p	Projection
072$q	Source des coordonnées
072$r	Méridien
072$s|256$s	Système géodésique
072$t	Type d'échelle
073$a	Cadre de classement géographique actuel
073$h	Cadre de classement géographique historique
074$m	Mode de représentation des géométries
074$r	Expression du relief
074$s	Nom du satellite
076$a	Forme de la zone utile des feuilles
076$b	Type de recouvrement entre les feuilles
076$c	Caractéristiques des limites des feuilles
076$e	Mode de désignation des feuilles
080$r	Relecture
096$j	Genre, forme
100$q|400$q	Type du nom
150$q	Nature du titre de l'œuvre
152$c	Comparaison avec le titre propre
152$q	Nature du titre de l'œuvre (ressource continue)
170$h	Qualification linguistique
170$r|470$r|182$r|482$r	Grande division océanique
184$r|484$r	Nature de la représentation
200$a	Item - Établissement
200$b|206$a|207$a|810$a	Item - Destination
200$c	Item - Usage
201$a	Item - Préfixe cote
203$a	Item - Code salle
203f	Item - Nature Œuvre
211$a|211$b	Item - Code support physique
212$a	Item - Type papier
225$b	Item - Complétude publication en série
225$c	Item - Conservation
245$n|30A$n|30P$n|30Z$n|39T$n	Titre non indexé
261$na	Lieu de publication inconnu ou non disponible
261$nc	Nom de l'éditeur inconnu ou non disponible
261$nd	Date de publication inconnue ou non disponible
263$q	Périmètre de la zone 263
280$b|282$j	Format bibliographique
280$f	Forme d'une monnaie
281$c	Contenu d'une ressource cartographique
281$i	Contenu d'une ressource constituée d'image(s) fixe(s)
281$m	Contenu d'une ressource constituée de musique notée
281$t	Contenu d'une ressource constituée de texte
282$b	Type de sous-unités (sans médiation)
282$ei|283$i|288$ei|333$i	Type de fichier électronique
282$f|288$f	Format d'un support électronique ou vidéo
282$g|288$g	Méthode de gravure du sillon
282$h|288$h	Disposition
282$i|288$i	Format d'image animée
282$t|288$t	Technique de réduction du bruit de fond
282$u|288$u	Norme de diffusion
282$v|288$v	Vitesse de lecture
283$f|333$f|856$f	Format de fichier
283$j	Données d'accessibilité ONIX
284$a	Matériau appliqué
284$g|284$h	Matériau primaire ou secondaire
284$j	Technique de fabrication de la monnaie
284$l	Précision sur la technique de fabrication de la monnaie
285$f	Facteur de réduction
285$g	Génération
285$h	Taille des caractères
285$m	Méthode de production
285$p	Polarité
285$t	Type de police de caractères
286$a	Reliure
287$a	Type de conteneur
288$x	Type de matériel d'accompagnement
308$o	Origine du travail universitaire
30A$q	Formule introductive (30Aq)
30Z$q	Formule introductive (30Zq)
310$q	Périmètre d'application de la note biographique et/ou historique
312$a	Domaine d'expression artistique
315$q	Périmètre de la zone 315
320$b	Organisation des collections
320$f	Item - Ajouts
320$t	Item - Type provenance
332$c	Couleur du contenu supplémentaire illustratif
332$n	Nature du contenu supplémentaire
332$r	Nature du contenu supplémentaire illustratif
33E$l	Environnement logiciel
33E$m	Environnement matériel
33F$q	Partie de la monnaie
340$r	Réalisation du spectacle
342$m	Clef
355$p	Type de périodicité
35S$h	Présence d'armoiries
362$q	Type de correspondance
362$r	Alignement - Référentiel
362$t	Alignement - Type de référentiel
384$q	Réalisation de la représentation
39A$q	Domaine agent en relation
39S$e	Indicateur de complétude de la reproduction
39S$q	Type de relation (ressources continues)
39T$q	Formule introductive (39Tq)
430$q	Nature de la variante du titre de la manifestation
450$q	Nature de la variante du titre de l'œuvre
452$q	Nature de la variante du point d'accès ressources continues
609$q	Nature de la vedette (indexation non contrôlée)
628$a	Genre précis son, vidéo, multimédia 
628$b	Genre général son, vidéo, multimédia
629$c	Fonction (typologie audiovisuelle)
629$d	Forme du document audiovisuel
629$e	Condition de fixation de l'enregistrement
629$f	Filiation avec une œuvre préexistante
629$g	Forme de l'œuvre préexistante
629$s	Fonction de l'enregistrement sonore
629$t	Forme de l'œuvre textuelle
62A$b	Genre général du film ou téléfilm
62A$c	Genre précis du film ou téléfilm
62A$d	Genre général de l'émission de télévision
62A$e	Genre précis de l'émission de télévision
62A$f	Genre général de la série télévisée
62A$g	Genre précis de la série télévisée
62A$k	Métrage
62A$l	Catégorie technique de l'œuvre audiovisuelle
62B$b|62I$a	Genre iconographique
62C$f	Fonction de l'œuvre cartographique
62C$g	Genre de l'œuvre cartographique
62C$t	Thématique de l'œuvre cartographique
62G$a	Forme ou genre général de l'œuvre de captation sonore
62G$b	Forme ou genre précis de l'œuvre de captation sonore
62I$c	Fonction de l'œuvre iconographique
62I$d	Couverture chronologique de l'Œuvre iconographique
62I$e	Esthétique de l'image
62J$t	Typologie de l'objet
62L$b	Genre précis de jeu vidéo
62L$c	Genre précis de logiciel
62M$a	Forme AIBM
62M$b	Forme de l'œuvre agrégative RDA-FR Musique
62M$c	Répertoire musical RDA-FR - Niveau 1
62M$d	Répertoire musical RDA-FR - Niveau 2
62M$e	Fonction musicale RDA-FR
62R$h	Genre précis de l'émission radiophonique
62R$i	Genre précis de la série radiophonique
62T$a	Domaine de l'œuvre textuelle
62T$b|62X$c	Fonction de l'œuvre textuelle ou mixte
62T$c|62X$d	Genre littéraire
62T$e	Forme de l'œuvre juridique
62T$f	Forme ou genre de l'œuvre religieuse
62T$g	Contexte religieux
62X$a	Genre général de l'œuvre mixte
62X$b	Domaine de l'œuvre mixte
682$b	Indice Dewey non lié à une entité Dewey
683$b	Nomenclature du budget
683$c	Domaine concerné par les catalogues de vente et les collections
683$n	Nomenclature des activités françaises (NAF)
683$p	Domaine concerné par le produit présenté (promotion/publicité)
689$b	Cadre de classement Livres
689$c|689$h	Cadre de classement Publications en série
689$d	Cadre de classement Imprimés numérisés BnF
689$e	Cadre de classement Musique
689$f	Cadre de classement Cartographie
689$g	Cadre de classement Documents audiovisuels
689$i	Cadre de classement Livres 1970-1984
689$j	Cadre de classement Livres 1985-2001
689$k	Cadre de classement Publications en série 2012-2019
689$l	Cadre de classement Documents audiovisuels jusqu'en 2019
689$q	Produit bibliographique
690$a	Code projet
690$d	Département responsable de la sélection dans le projet
690$f	Projet Québec : typologie
690$g	Projet Québec : cadre de classement
700$4|710$4|804$4	Code Fonction Créateur ou Associé à l'Œuvre
701$4|705$4|711$4|715$a	Code Fonction Interprète
702$4	Code Fonction Collaborateur technico-artistique
703$4|713$4	Code Fonction Créateur de la Manifestation ou Associé à la Manifestation
714$4	Code Fonction associé à l'Item
730$q|740$q|750$q	Relation partielle
800$o|802$o|$O	Source de référence
800$q|802$q	Nature de la source
820$b	PEX ValeurValuation Droit
820$c	PEX ValeurValuation Permission
820$p	PEX ValeurValuation Paramètres
821$l	PEX Qualité epub
821$p	PEX Présence epub
821$s	PEX Signalement epub
821$y	PEX Type epub
822$n	PEX Numérisation directe
822$p	PEX Numérisation partielle
823$c	PEX Consultation adaptatif
823$p	PEX Présence adaptatif
823$s	PEX Signalement adaptatif
824$d	PEX Document né numérique
825$d	PEX Présence table des matières
825$e	PEX Présence texte
825$m	PEX Type table des matières
825$x	PEX Type texte
856$c|39S$m	Conditions d'accès aux données
856$i	Codage ROAD
856$m	Mode d'accès
856$q	Qualificatif (856q)
858$q	Base BnF
858$v	Qualificatif de l'URL
862$f	Auteur de la notice critique
862$l	Catégorie du produit critiqué
862$m	Tranche d'âge - Public destinataire
862$n	Avis critique
862$t	Publication dans laquelle la notice a paru
864$b	Type d'image de couverture
869$q	Nature du dépouillement de la table des matières
869$s	Structuration de la zone 869
901$a	Type de notice d'autorité
901$b	Type de notice bibliographique
901$o|90F$o	Source du numéro
909$p	Pays de la notice
90F$q	Base dans laquelle a eu lieu la fusion
916$d	Nature de la demande
918$b	Caractéristiques du publipostage
91A$q	Type d'information
920$f|92P$f	Famille
923$d|92D$d	Titre propre d'anonyme - Domaine de l'œuvre
930$p	Particularités d'exemplaire sous forme codée
933$c	Établissement de la cote à afficher
934$c	Bibliothèque extérieure
975$q	Nature de la vedette (indexation sujet étrangère)
981$c	Règle de clusterisation
982$a	Type de traitement de la notice (métadonnées fournies par l'éditeur)
982$d	Degré validation - Manifestation
982$e	Degré validation - Toutes entités hors Manifestation et Item
982$m	Modification du type de traitement source
982$n	Traitement par un service spécialisé de la BnF
982$o	Origine précise - Hors Manifestation et Item
982$t	Type de traitement source
982$v	Étape de validation
983$c	Conformité au format Intermarc-NG
987$a	Code du motif de non attribution d'ISSN
990$aa|991$aa|993$aa|999$aa	Format A ou B
99D$a	Degré de validation ADCAT-02 - Format Intermarc A
99D$b	Degré de validation ADCAT-02 - Format Intermarc B